{
  "metadata": {
    "description": "Comprehensive list of all Indian States, Union Territories, Districts, and major Cities",
    "total_states": 28,
    "total_union_territories": 8,
    "last_updated": "2025",
    "source": "Based on official Government of India administrative divisions"
  },

  "South": {
    "Karnataka": {
      "districts": {
        "Bagalkot": ["Bagalkot", "Badami", "Jamkhandi", "Mudhol"],
        "Ballari": ["Ballari", "Hosapete", "Sandur", "Kampli"],
        "Belagavi": ["Belagavi", "Gokak", "Chikkodi", "Ramdurg", "Athani"],
        "Bengaluru Urban": ["Bengaluru", "Yelahanka", "Bommanahalli", "Mahadevapura"],
        "Bengaluru Rural": ["Doddaballapura", "Devanahalli", "Hoskote", "Nelamangala"],
        "Bidar": ["Bidar", "Basavakalyan", "Bhalki", "Humnabad"],
        "Chamarajanagar": ["Chamarajanagar", "Kollegal", "Gundlupet", "Yelandur"],
        "Chikkaballapura": ["Chikkaballapura", "Chintamani", "Sidlaghatta", "Bagepalli"],
        "Chikkamagaluru": ["Chikkamagaluru", "Kadur", "Tarikere", "Mudigere", "Koppa"],
        "Chitradurga": ["Chitradurga", "Hiriyur", "Challakere", "Holalkere"],
        "Dakshina Kannada": ["Mangaluru", "Puttur", "Bantwal", "Belthangady", "Sullia"],
        "Davanagere": ["Davanagere", "Harihar", "Harpanahalli", "Channagiri"],
        "Dharwad": ["Dharwad", "Hubli", "Kundgol", "Navalgund"],
        "Gadag": ["Gadag", "Betgeri", "Ron", "Shirhatti", "Mundargi"],
        "Hassan": ["Hassan", "Arsikere", "Belur", "Channarayapatna", "Holenarasipur"],
        "Haveri": ["Haveri", "Ranebennur", "Savanur", "Shiggaon", "Byadagi"],
        "Kalaburagi": ["Kalaburagi", "Sedam", "Chincholi", "Afzalpur", "Aland"],
        "Kodagu": ["Madikeri", "Virajpet", "Somwarpet"],
        "Kolar": ["Kolar", "Malur", "Mulbagal", "Srinivaspur"],
        "Koppal": ["Koppal", "Gangavathi", "Kushtagi", "Yelbarga"],
        "Mandya": ["Mandya", "Maddur", "Malavalli", "Nagamangala", "Pandavapura"],
        "Mysuru": ["Mysuru", "Nanjangud", "Hunsur", "Periyapatna", "K R Nagar"],
        "Raichur": ["Raichur", "Sindhanur", "Manvi", "Lingasugur"],
        "Ramanagara": ["Ramanagara", "Channapatna", "Kanakapura", "Magadi"],
        "Shivamogga": ["Shivamogga", "Bhadravati", "Sagar", "Soraba", "Shikarpur"],
        "Tumakuru": ["Tumakuru", "Tiptur", "Chikkanayakanahalli", "Madhugiri", "Pavagada"],
        "Udupi": ["Udupi", "Kundapura", "Karkala"],
        "Uttara Kannada": ["Karwar", "Dharmasthala", "Sirsi", "Ankola", "Kumta", "Honnavar"],
        "Vijayapura": ["Vijayapura", "Basavana Bagewadi", "Indi", "Muddebihal"],
        "Yadgir": ["Yadgir", "Shorapur", "Shahapur", "Gurmatkal"]
      }
    },
    "Tamil Nadu": {
      "districts": {
        "Ariyalur": ["Ariyalur", "Sendurai"],
        "Chengalpattu": ["Chengalpattu", "Maraimalai Nagar", "Tambaram"],
        "Chennai": ["Chennai", "Ambattur", "Avadi", "Tambaram"],
        "Coimbatore": ["Coimbatore", "Tiruppur", "Pollachi", "Mettupalayam"],
        "Cuddalore": ["Cuddalore", "Chidambaram", "Panruti"],
        "Dharmapuri": ["Dharmapuri", "Harur", "Pennagaram"],
        "Dindigul": ["Dindigul", "Kodaikanal", "Palani", "Natham"],
        "Erode": ["Erode", "Gobichettipalayam", "Bhavani", "Perundurai"],
        "Kallakurichi": ["Kallakurichi", "Sankarapuram"],
        "Kancheepuram": ["Kancheepuram", "Chengalpattu"],
        "Kanyakumari": ["Nagercoil", "Marthandam"],
        "Karur": ["Karur", "Krishnarayapuram"],
        "Krishnagiri": ["Krishnagiri", "Hosur", "Denkanikottai"],
        "Madurai": ["Madurai", "Melur", "Usilampatti", "Thirumangalam"],
        "Mayiladuthurai": ["Mayiladuthurai", "Sirkazhi"],
        "Nagapattinam": ["Nagapattinam", "Vedaranyam", "Kilvelur"],
        "Namakkal": ["Namakkal", "Rasipuram", "Tiruchengode"],
        "Nilgiris": ["Ooty", "Coonoor", "Gudalur"],
        "Perambalur": ["Perambalur", "Kunnam"],
        "Pudukkottai": ["Pudukkottai", "Karambakkudi"],
        "Ramanathapuram": ["Ramanathapuram", "Paramakudi", "Rameswaram"],
        "Ranipet": ["Ranipet", "Arcot", "Walajah"],
        "Salem": ["Salem", "Mettur", "Omalur", "Yercaud"],
        "Sivaganga": ["Sivaganga", "Karaikudi", "Devakottai"],
        "Tenkasi": ["Tenkasi", "Courtallam"],
        "Thanjavur": ["Thanjavur", "Kumbakonam", "Pattukottai"],
        "Theni": ["Theni", "Periyakulam", "Bodinayakkanur"],
        "Thoothukudi": ["Thoothukudi", "Kovilpatti", "Tiruchendur"],
        "Tiruchirappalli": ["Tiruchirappalli", "Lalgudi", "Manapparai"],
        "Tirunelveli": ["Tirunelveli", "Palayamkottai", "Cheranmahadevi"],
        "Tirupathur": ["Tirupathur", "Ambur"],
        "Tiruppur": ["Tiruppur", "Kangeyam", "Dharapuram"],
        "Tiruvallur": ["Tiruvallur", "Ponneri", "Gummidipoondi"],
        "Tiruvannamalai": ["Tiruvannamalai", "Vellore", "Polur"],
        "Tiruvarur": ["Tiruvarur", "Nannilam"],
        "Vellore": ["Vellore", "Katpadi", "Gudiyatham"],
        "Viluppuram": ["Viluppuram", "Tindivanam", "Gingee"],
        "Virudhunagar": ["Virudhunagar", "Rajapalayam", "Sivakasi"]
      }
    },
    "Kerala": {
      "districts": {
        "Alappuzha": ["Alappuzha", "Chengannur", "Kayamkulam", "Mavelikkara"],
        "Ernakulam": ["Kochi", "Aluva", "Angamaly", "Perumbavoor", "Muvattupuzha"],
        "Idukki": ["Painavu", "Thodupuzha", "Munnar", "Adimali"],
        "Kannur": ["Kannur", "Thalassery", "Koothuparamba", "Payyanur"],
        "Kasaragod": ["Kasaragod", "Kanhangad", "Nileshwar"],
        "Kollam": ["Kollam", "Punalur", "Karunagappally"],
        "Kottayam": ["Kottayam", "Pala", "Changanacherry", "Vaikom"],
        "Kozhikode": ["Kozhikode", "Vadakara", "Koyilandy", "Ramanattukara"],
        "Malappuram": ["Malappuram", "Tirur", "Manjeri", "Perinthalmanna"],
        "Palakkad": ["Palakkad", "Ottapalam", "Shoranur", "Chittur"],
        "Pathanamthitta": ["Pathanamthitta", "Adoor", "Thiruvalla"],
        "Thiruvananthapuram": ["Thiruvananthapuram", "Attingal", "Neyyattinkara", "Varkala"],
        "Thrissur": ["Thrissur", "Irinjalakuda", "Chalakudy", "Guruvayur"],
        "Wayanad": ["Kalpetta", "Mananthavady", "Sulthan Bathery"]
      }
    },
    "Andhra Pradesh": {
      "districts": {
        "Alluri Sitharama Raju": ["Paderu", "Rampachodavaram"],
        "Anakapalli": ["Anakapalli", "Chodavaram"],
        "Anantapur": ["Anantapur", "Guntakal", "Dharmavaram", "Kadiri"],
        "Annamayya": ["Rajampet", "Pulivendula"],
        "Bapatla": ["Bapatla", "Chirala"],
        "Chittoor": ["Chittoor", "Tirupati", "Madanapalle", "Punganur"],
        "East Godavari": ["Kakinada", "Rajahmundry", "Amalapuram"],
        "Eluru": ["Eluru", "Bhimavaram"],
        "Guntur": ["Guntur", "Narasaraopet", "Tenali", "Mangalagiri"],
        "Kadapa": ["Kadapa", "Proddatur", "Nellore"],
        "Kakinada": ["Kakinada", "Peddapuram", "Samalkot"],
        "Konaseema": ["Amalapuram", "Mandapeta"],
        "Krishna": ["Machilipatnam", "Vijayawada", "Gudivada"],
        "Kurnool": ["Kurnool", "Nandyal", "Adoni", "Yemmiganur"],
        "Manyam": ["Parvathipuram"],
        "Nandyal": ["Nandyal", "Allagadda", "Atmakur"],
        "NTR": ["Vijayawada", "Tiruvuru"],
        "Palnadu": ["Narasaraopet", "Gurazala"],
        "Prakasam": ["Ongole", "Chirala", "Markapur"],
        "Sri Potti Sriramulu Nellore": ["Nellore", "Kavali", "Gudur"],
        "Srikakulam": ["Srikakulam", "Palasa", "Narasannapeta"],
        "Sri Sathya Sai": ["Puttaparthi", "Dharmavaram"],
        "Tirupati": ["Tirupati", "Chittoor"],
        "Visakhapatnam": ["Visakhapatnam", "Gajuwaka", "Bheemunipatnam"],
        "Vizianagaram": ["Vizianagaram", "Bobbili"],
        "West Godavari": ["Eluru", "Bhimavaram", "Tadepalligudem"]
      }
    },
    "Telangana": {
      "districts": {
        "Adilabad": ["Adilabad", "Bhainsa", "Mancherial"],
        "Bhadradri Kothagudem": ["Kothagudem", "Bhadrachalam"],
        "Hanumakonda": ["Hanamkonda", "Warangal"],
        "Hyderabad": ["Hyderabad", "Secunderabad", "Jubilee Hills", "Madhapur"],
        "Jagtial": ["Jagtial", "Metpally"],
        "Jangaon": ["Jangaon", "Ghanpur"],
        "Jayashankar Bhupalpally": ["Bhupalpally"],
        "Jogulamba Gadwal": ["Gadwal"],
        "Kamareddy": ["Kamareddy", "Banswada"],
        "Karimnagar": ["Karimnagar", "Peddapalli", "Sircilla"],
        "Khammam": ["Khammam", "Wyra", "Madhira"],
        "Kumuram Bheem Asifabad": ["Asifabad"],
        "Mahabubabad": ["Mahabubabad"],
        "Mahabubnagar": ["Mahabubnagar", "Wanaparthy", "Narayanpet"],
        "Mancherial": ["Mancherial", "Ramagundam"],
        "Medak": ["Medak", "Sangareddy", "Toopran"],
        "Medchal-Malkajgiri": ["Malkajgiri", "Medchal", "Keesara"],
        "Mulugu": ["Mulugu"],
        "Nagarkurnool": ["Nagarkurnool", "Kalwakurthy"],
        "Nalgonda": ["Nalgonda", "Suryapet", "Miryalaguda"],
        "Narayanpet": ["Narayanpet"],
        "Nirmal": ["Nirmal", "Bhainsa"],
        "Nizamabad": ["Nizamabad", "Armoor", "Bodhan"],
        "Peddapalli": ["Peddapalli", "Ramagundam", "Manthani"],
        "Rajanna Sircilla": ["Sircilla", "Vemulawada"],
        "Rangareddy": ["Rangareddy", "Shamshabad", "Shadnagar"],
        "Sangareddy": ["Sangareddy", "Patancheru"],
        "Siddipet": ["Siddipet", "Gajwel"],
        "Suryapet": ["Suryapet", "Nalgonda"],
        "Vikarabad": ["Vikarabad", "Tandur"],
        "Wanaparthy": ["Wanaparthy", "Kollapur"],
        "Warangal": ["Warangal", "Hanamkonda", "Kazipet"],
        "Yadadri Bhuvanagiri": ["Bhongir", "Yadadri"]
      }
    }
  },

  "West": {
    "Maharashtra": {
      "districts": {
        "Ahmednagar": ["Ahmednagar", "Shrirampur", "Rahuri", "Kopargaon"],
        "Akola": ["Akola", "Akot", "Murtijapur"],
        "Amravati": ["Amravati", "Achalpur", "Daryapur"],
        "Aurangabad": ["Chhatrapati Sambhajinagar", "Jalna", "Paithan"],
        "Beed": ["Beed", "Ambejogai", "Parli"],
        "Bhandara": ["Bhandara", "Tumsar"],
        "Buldhana": ["Buldhana", "Khamgaon", "Malkapur"],
        "Chandrapur": ["Chandrapur", "Ballarpur", "Warora"],
        "Dhule": ["Dhule", "Shirpur"],
        "Gadchiroli": ["Gadchiroli", "Aheri"],
        "Gondia": ["Gondia", "Tirora", "Amgaon"],
        "Hingoli": ["Hingoli", "Sengaon"],
        "Jalgaon": ["Jalgaon", "Bhusawal", "Amalner", "Pachora"],
        "Jalna": ["Jalna", "Ambad", "Partur"],
        "Kolhapur": ["Kolhapur", "Ichalkaranji", "Sangli"],
        "Latur": ["Latur", "Udgir", "Ausa"],
        "Mumbai City": ["Mumbai", "Bandra", "Andheri", "Dadar"],
        "Mumbai Suburban": ["Borivali", "Kandivali", "Malad", "Goregaon", "Thane"],
        "Nagpur": ["Nagpur", "Kamptee", "Hingna", "Katol"],
        "Nanded": ["Nanded", "Biloli", "Degloor", "Hadgaon"],
        "Nandurbar": ["Nandurbar", "Shahada", "Shirpur"],
        "Nashik": ["Nashik", "Malegaon", "Igatpuri", "Sinnar"],
        "Osmanabad": ["Osmanabad", "Tuljapur"],
        "Palghar": ["Palghar", "Vasai", "Virar", "Boisar"],
        "Parbhani": ["Parbhani", "Gangakhed", "Pathri"],
        "Pune": ["Pune", "Pimpri-Chinchwad", "Solapur", "Baramati", "Pandharpur"],
        "Raigad": ["Alibag", "Panvel", "Uran", "Pen"],
        "Ratnagiri": ["Ratnagiri", "Chiplun", "Khed"],
        "Sangli": ["Sangli", "Miraj", "Tasgaon"],
        "Satara": ["Satara", "Karad", "Wai", "Mahabaleshwar"],
        "Sindhudurg": ["Sindhudurg", "Kudal", "Malvan"],
        "Solapur": ["Solapur", "Barshi", "Pandharpur"],
        "Thane": ["Thane", "Kalyan", "Dombivli", "Navi Mumbai", "Ulhasnagar"],
        "Wardha": ["Wardha", "Hinganghat"],
        "Washim": ["Washim", "Risod"],
        "Yavatmal": ["Yavatmal", "Wani", "Pusad", "Hingoli"]
      }
    },
    "Gujarat": {
      "districts": {
        "Ahmedabad": ["Ahmedabad", "Narol", "Chandkheda", "Sanand"],
        "Amreli": ["Amreli", "Rajula", "Savarkundla"],
        "Anand": ["Anand", "Vallabh Vidyanagar", "Nadiad"],
        "Aravalli": ["Modasa", "Bayad"],
        "Banaskantha": ["Palanpur", "Deesa"],
        "Bharuch": ["Bharuch", "Ankleshwar", "Jambusar"],
        "Bhavnagar": ["Bhavnagar", "Palitana", "Mahuva"],
        "Botad": ["Botad"],
        "Chhota Udaipur": ["Chhota Udaipur"],
        "Dahod": ["Dahod", "Zalod"],
        "Dang": ["Ahwa"],
        "Devbhoomi Dwarka": ["Dwarka", "Khambhalia"],
        "Gandhinagar": ["Gandhinagar", "Mansa"],
        "Gir Somnath": ["Veraval", "Somnath", "Junagadh"],
        "Jamnagar": ["Jamnagar", "Morbi"],
        "Junagadh": ["Junagadh", "Keshod", "Veraval"],
        "Kheda": ["Nadiad", "Anand"],
        "Kutch": ["Bhuj", "Anjar", "Gandhidham", "Adipur", "Mandvi"],
        "Mahisagar": ["Lunawada"],
        "Mehsana": ["Mehsana", "Patan", "Unjha"],
        "Morbi": ["Morbi", "Wankaner"],
        "Narmada": ["Rajpipla"],
        "Navsari": ["Navsari", "Gandevi"],
        "Panchmahal": ["Godhra", "Halol", "Kalol"],
        "Patan": ["Patan", "Sidhpur"],
        "Porbandar": ["Porbandar", "Ranavav"],
        "Rajkot": ["Rajkot", "Gondal", "Jetpur", "Wankaner"],
        "Sabarkantha": ["Himmatnagar", "Idar"],
        "Surat": ["Surat", "Bardoli", "Mandvi"],
        "Surendranagar": ["Surendranagar", "Dhrangadhra", "Wadhwan"],
        "Tapi": ["Vyara", "Surat"],
        "Vadodara": ["Vadodara", "Anklav", "Padra"],
        "Valsad": ["Valsad", "Vapi", "Bulsar"]
      }
    },
    "Rajasthan": {
      "districts": {
        "Ajmer": ["Ajmer", "Pushkar", "Beawar", "Kishangarh"],
        "Alwar": ["Alwar", "Bharatpur", "Behror"],
        "Banswara": ["Banswara", "Bagidora"],
        "Baran": ["Baran", "Atru"],
        "Barmer": ["Barmer", "Balotra", "Pachpadra"],
        "Bharatpur": ["Bharatpur", "Deeg", "Nagar"],
        "Bhilwara": ["Bhilwara", "Gulabpura", "Shastri Nagar"],
        "Bikaner": ["Bikaner", "Nokha", "Lunkaransar"],
        "Bundi": ["Bundi", "Hindoli"],
        "Chittorgarh": ["Chittorgarh", "Nimbahera"],
        "Churu": ["Churu", "Sardarshahar", "Sujangarh", "Rajgarh"],
        "Dausa": ["Dausa", "Lalsot"],
        "Dholpur": ["Dholpur", "Rajakhera"],
        "Dungarpur": ["Dungarpur", "Sagwara"],
        "Ganganagar": ["Sri Ganganagar", "Suratgarh", "Raisinghnagar"],
        "Hanumangarh": ["Hanumangarh", "Tibbi"],
        "Jaipur": ["Jaipur", "Amber", "Sanganer", "Bagru"],
        "Jaisalmer": ["Jaisalmer", "Fatehgarh"],
        "Jalore": ["Jalore", "Bhinmal", "Sanchore"],
        "Jhalawar": ["Jhalawar", "Jhalarapatan"],
        "Jhunjhunu": ["Jhunjhunu", "Chirawa", "Nawalgarh"],
        "Jodhpur": ["Jodhpur", "Phalodi", "Barmer"],
        "Karauli": ["Karauli", "Hindaun"],
        "Kota": ["Kota", "Baran", "Ramganj Mandi"],
        "Nagaur": ["Nagaur", "Makrana", "Merta"],
        "Pali": ["Pali", "Sojat", "Bali"],
        "Pratapgarh": ["Pratapgarh", "Arnod"],
        "Rajsamand": ["Rajsamand", "Nathdwara", "Kumbhalgarh"],
        "Sawai Madhopur": ["Sawai Madhopur", "Gangapur"],
        "Sikar": ["Sikar", "Fatehpur", "Lachhmangarh"],
        "Sirohi": ["Sirohi", "Abu Road", "Mount Abu"],
        "Tonk": ["Tonk", "Malpura", "Newai"],
        "Udaipur": ["Udaipur", "Salumbar", "Mavli"]
      }
    },
    "Goa": {
      "districts": {
        "North Goa": ["Panaji", "Mapusa", "Calangute", "Candolim", "Pernem", "Bicholim"],
        "South Goa": ["Margao", "Vasco da Gama", "Ponda", "Quepem", "Sanvordem"]
      }
    }
  },

  "North": {
    "Delhi": {
      "districts": {
        "Central Delhi": ["Connaught Place", "Paharganj", "Daryaganj"],
        "East Delhi": ["Preet Vihar", "Krishna Nagar", "Vivek Vihar"],
        "New Delhi": ["New Delhi", "Karol Bagh", "Patel Nagar"],
        "North Delhi": ["Sadar Bazaar", "Chandni Chowk", "Civil Lines"],
        "North East Delhi": ["Mustafabad", "Gokulpuri", "Yamuna Vihar"],
        "North West Delhi": ["Rohini", "Pitampura", "Shalimar Bagh"],
        "Shahdara": ["Shahdara", "Dilshad Garden", "Nand Nagri"],
        "South Delhi": ["Greater Kailash", "Malviya Nagar", "Saket"],
        "South East Delhi": ["Jasola", "Okhla", "Kalindi Kunj"],
        "South West Delhi": ["Dwarka", "Palam", "Uttam Nagar"],
        "West Delhi": ["Janakpuri", "Rajouri Garden", "Punjabi Bagh"]
      }
    },
    "Uttar Pradesh": {
      "districts": {
        "Agra": ["Agra", "Firozabad", "Fatehabad", "Etmadpur"],
        "Aligarh": ["Aligarh", "Hathras", "Khair"],
        "Allahabad": ["Prayagraj", "Phulpur", "Meja"],
        "Ambedkar Nagar": ["Akbarpur", "Tanda"],
        "Amethi": ["Amethi", "Gauriganj"],
        "Amroha": ["Amroha", "Dhanaura"],
        "Auraiya": ["Auraiya", "Bidhuna"],
        "Ayodhya": ["Ayodhya", "Faizabad", "Sohawal"],
        "Azamgarh": ["Azamgarh", "Mau", "Lalganj"],
        "Baghpat": ["Baghpat", "Baraut"],
        "Bahraich": ["Bahraich", "Nanpara"],
        "Ballia": ["Ballia", "Rasra"],
        "Balrampur": ["Balrampur", "Tulsipur"],
        "Banda": ["Banda", "Atarra"],
        "Barabanki": ["Barabanki", "Fatehpur"],
        "Bareilly": ["Bareilly", "Pilibhit", "Baheri"],
        "Basti": ["Basti", "Khalilabad"],
        "Bijnor": ["Bijnor", "Nagina", "Chandpur"],
        "Budaun": ["Budaun", "Ujhani"],
        "Bulandshahr": ["Bulandshahr", "Khurja", "Sikandrabad"],
        "Chandauli": ["Chandauli", "Mughalsarai"],
        "Chitrakoot": ["Karwi", "Mau"],
        "Deoria": ["Deoria", "Bhatpar Rani"],
        "Etah": ["Etah", "Kasganj"],
        "Etawah": ["Etawah", "Bharthana"],
        "Farrukhabad": ["Farrukhabad", "Fatehgarh"],
        "Fatehpur": ["Fatehpur", "Bindki"],
        "Firozabad": ["Firozabad", "Tundla"],
        "Gautam Buddha Nagar": ["Noida", "Greater Noida", "Dadri"],
        "Ghaziabad": ["Ghaziabad", "Loni", "Hapur", "Modinagar"],
        "Ghazipur": ["Ghazipur", "Gahmar"],
        "Gonda": ["Gonda", "Colonelganj"],
        "Gorakhpur": ["Gorakhpur", "Deoria"],
        "Hamirpur": ["Hamirpur", "Maudaha"],
        "Hapur": ["Hapur", "Garhmukteshwar"],
        "Hardoi": ["Hardoi", "Shahabad"],
        "Hathras": ["Hathras", "Sasni"],
        "Jalaun": ["Orai", "Jalaun"],
        "Jaunpur": ["Jaunpur", "Mungra Badshahpur"],
        "Jhansi": ["Jhansi", "Datia", "Lalitpur"],
        "Kannauj": ["Kannauj", "Chhibramau"],
        "Kanpur Dehat": ["Akbarpur"],
        "Kanpur Nagar": ["Kanpur", "Bilhaur"],
        "Kasganj": ["Kasganj", "Soron"],
        "Kaushambi": ["Sirathu", "Chail"],
        "Kheri": ["Lakhimpur", "Kheri"],
        "Kushinagar": ["Kushinagar", "Padrauna"],
        "Lalitpur": ["Lalitpur", "Tikamgarh"],
        "Lucknow": ["Lucknow", "Mallihabad", "Bakshi Ka Talab"],
        "Maharajganj": ["Maharajganj", "Siswa"],
        "Mahoba": ["Mahoba", "Kulpahar"],
        "Mainpuri": ["Mainpuri", "Shikohabad"],
        "Mathura": ["Mathura", "Vrindavan", "Govardhan"],
        "Mau": ["Mau", "Ghosi"],
        "Meerut": ["Meerut", "Modinagar", "Sardhana"],
        "Mirzapur": ["Mirzapur", "Vindhyachal"],
        "Moradabad": ["Moradabad", "Sambhal", "Amroha"],
        "Muzaffarnagar": ["Muzaffarnagar", "Shamli", "Kairana"],
        "Pilibhit": ["Pilibhit", "Puranpur"],
        "Pratapgarh": ["Pratapgarh", "Kunda"],
        "Prayagraj": ["Prayagraj", "Jhunsi"],
        "Rae Bareli": ["Rae Bareli", "Salon"],
        "Rampur": ["Rampur", "Bilaspur"],
        "Saharanpur": ["Saharanpur", "Deoband", "Roorkee"],
        "Sambhal": ["Sambhal", "Chandausi"],
        "Sant Kabir Nagar": ["Khalilabad", "Basti"],
        "Shahjahanpur": ["Shahjahanpur", "Tilhar"],
        "Shamli": ["Shamli", "Kairana"],
        "Shravasti": ["Bhinga"],
        "Siddharthnagar": ["Naugarh", "Domariyaganj"],
        "Sitapur": ["Sitapur", "Biswan"],
        "Sonbhadra": ["Robertsganj", "Obra"],
        "Sultanpur": ["Sultanpur", "Musafirkhana"],
        "Unnao": ["Unnao", "Purwa"],
        "Varanasi": ["Varanasi", "Jaunpur", "Ramnagar"]
      }
    },
    "Haryana": {
      "districts": {
        "Ambala": ["Ambala", "Ambala Cantt", "Naraingarh"],
        "Bhiwani": ["Bhiwani", "Charkhi Dadri", "Loharu"],
        "Charkhi Dadri": ["Charkhi Dadri", "Badhra"],
        "Faridabad": ["Faridabad", "Ballabhgarh", "Palwal"],
        "Fatehabad": ["Fatehabad", "Tohana", "Ratia"],
        "Gurugram": ["Gurugram", "Pataudi", "Sohna"],
        "Hisar": ["Hisar", "Hansi", "Fatehabad"],
        "Jhajjar": ["Jhajjar", "Bahadurgarh", "Beri"],
        "Jind": ["Jind", "Safidon", "Narwana"],
        "Kaithal": ["Kaithal", "Pundri", "Kalayat"],
        "Karnal": ["Karnal", "Panipat", "Taraori"],
        "Kurukshetra": ["Kurukshetra", "Thanesar", "Pehowa"],
        "Mahendragarh": ["Narnaul", "Mahendragarh"],
        "Nuh": ["Nuh", "Firozpur Jhirka", "Tauru"],
        "Palwal": ["Palwal", "Hathin"],
        "Panchkula": ["Panchkula", "Kalka", "Morni"],
        "Panipat": ["Panipat", "Israna", "Samalkha"],
        "Rewari": ["Rewari", "Bawal", "Kosli"],
        "Rohtak": ["Rohtak", "Kalanaur"],
        "Sirsa": ["Sirsa", "Ellenabad", "Dabwali"],
        "Sonipat": ["Sonipat", "Kundli", "Ganaur"],
        "Yamunanagar": ["Yamunanagar", "Jagadhri", "Sadhaura"]
      }
    },
    "Punjab": {
      "districts": {
        "Amritsar": ["Amritsar", "Ajnala", "Beas"],
        "Barnala": ["Barnala", "Tapa"],
        "Bathinda": ["Bathinda", "Rampura Phul", "Bhagta Bhai Ka"],
        "Faridkot": ["Faridkot", "Kotkapura"],
        "Fatehgarh Sahib": ["Fatehgarh Sahib", "Bassi Pathana"],
        "Fazilka": ["Fazilka", "Abohar", "Jalalabad"],
        "Ferozepur": ["Ferozepur", "Zira", "Fazilka"],
        "Gurdaspur": ["Gurdaspur", "Pathankot", "Batala"],
        "Hoshiarpur": ["Hoshiarpur", "Phagwara", "Dasuya"],
        "Jalandhar": ["Jalandhar", "Nakodar", "Phagwara"],
        "Kapurthala": ["Kapurthala", "Sultanpur Lodhi", "Phagwara"],
        "Ludhiana": ["Ludhiana", "Sahnewal", "Khanna"],
        "Malerkotla": ["Malerkotla", "Ahmedgarh"],
        "Mansa": ["Mansa", "Budhlada"],
        "Moga": ["Moga", "Nihal Singh Wala"],
        "Mohali": ["SAS Nagar", "Kharar", "Landran"],
        "Muktsar": ["Muktsar", "Malout"],
        "Nawanshahr": ["Nawanshahr", "Balachaur"],
        "Pathankot": ["Pathankot", "Dhar Kalan"],
        "Patiala": ["Patiala", "Rajpura", "Nabha"],
        "Rupnagar": ["Rupnagar", "Anandpur Sahib", "Morinda"],
        "Sangrur": ["Sangrur", "Sunam", "Barnala"],
        "Shaheed Bhagat Singh Nagar": ["Banga", "Nawanshahr"],
        "Tarn Taran": ["Tarn Taran", "Patti", "Khem Karan"]
      }
    },
    "Himachal Pradesh": {
      "districts": {
        "Bilaspur": ["Bilaspur", "Ghumarwin"],
        "Chamba": ["Chamba", "Dalhousie", "Bharmaur"],
        "Hamirpur": ["Hamirpur", "Nadaun"],
        "Kangra": ["Dharamsala", "Palampur", "Kangra", "Nurpur"],
        "Kinnaur": ["Reckong Peo"],
        "Kullu": ["Kullu", "Manali"],
        "Lahaul and Spiti": ["Keylong", "Kaza"],
        "Mandi": ["Mandi", "Sundernagar", "Jogindernagar"],
        "Shimla": ["Shimla", "Solan", "Rampur"],
        "Sirmaur": ["Nahan", "Paonta Sahib"],
        "Solan": ["Solan", "Baddi", "Kasauli"],
        "Una": ["Una", "Amb"]
      }
    },
    "Uttarakhand": {
      "districts": {
        "Almora": ["Almora", "Ranikhet", "Bhikiyasain"],
        "Bageshwar": ["Bageshwar", "Kanda"],
        "Chamoli": ["Chamoli", "Gopeshwar", "Joshimath"],
        "Champawat": ["Champawat", "Lohaghat"],
        "Dehradun": ["Dehradun", "Rishikesh", "Doiwala"],
        "Haridwar": ["Haridwar", "Roorkee", "Manglaur"],
        "Nainital": ["Nainital", "Haldwani", "Ramnagar"],
        "Pauri Garhwal": ["Pauri", "Kotdwar"],
        "Pithoragarh": ["Pithoragarh", "Didihat"],
        "Rudraprayag": ["Rudraprayag", "Kedarnath"],
        "Tehri Garhwal": ["Tehri", "New Tehri", "Narendra Nagar"],
        "Udham Singh Nagar": ["Rudrapur", "Kashipur", "Khatima"],
        "Uttarkashi": ["Uttarkashi", "Barkot"]
      }
    }
  },

  "East": {
    "West Bengal": {
      "districts": {
        "Alipurduar": ["Alipurduar", "Falakata", "Birpara"],
        "Bankura": ["Bankura", "Bishnupur", "Sonamukhi"],
        "Birbhum": ["Suri", "Bolpur-Shantiniketan", "Rampurhat"],
        "Cooch Behar": ["Cooch Behar", "Tufanganj", "Mathabhanga"],
        "Dakshin Dinajpur": ["Balurghat", "Gangarampur"],
        "Darjeeling": ["Darjeeling", "Siliguri", "Kalimpong"],
        "Hooghly": ["Chinsurah", "Srerampur", "Chandannagar", "Arambagh"],
        "Howrah": ["Howrah", "Uluberia", "Bally"],
        "Jalpaiguri": ["Jalpaiguri", "Dhupguri", "Mal Bazaar"],
        "Jhargram": ["Jhargram"],
        "Kalimpong": ["Kalimpong", "Algarah"],
        "Kolkata": ["Kolkata", "Salt Lake", "New Town"],
        "Malda": ["Malda", "English Bazar", "Old Malda"],
        "Murshidabad": ["Berhampore", "Murshidabad", "Jangipur"],
        "Nadia": ["Krishnanagar", "Nabadwip", "Ranaghat"],
        "North 24 Parganas": ["Barasat", "Barrackpur", "Basirhat"],
        "Paschim Bardhaman": ["Durgapur", "Asansol", "Andal"],
        "Paschim Medinipur": ["Midnapore", "Kharagpur", "Ghatal"],
        "Purba Bardhaman": ["Bardhaman", "Katwa", "Dainhat"],
        "Purba Medinipur": ["Tamluk", "Haldia", "Contai"],
        "Purulia": ["Purulia", "Raghunathpur", "Joypur"],
        "South 24 Parganas": ["Baruipur", "Diamond Harbour", "Kakdwip"],
        "Uttar Dinajpur": ["Raiganj", "Islampur"]
      }
    },
    "Odisha": {
      "districts": {
        "Angul": ["Angul", "Athamalik", "Banarpal"],
        "Balangir": ["Balangir", "Titlagarh"],
        "Balasore": ["Balasore", "Jaleswar", "Nilgiri"],
        "Bargarh": ["Bargarh", "Padampur"],
        "Bhadrak": ["Bhadrak", "Basudevpur"],
        "Boudh": ["Boudh", "Kantamal"],
        "Cuttack": ["Cuttack", "Choudwar", "Kendrapara"],
        "Deogarh": ["Deogarh"],
        "Dhenkanal": ["Dhenkanal", "Kamakhyanagar"],
        "Gajapati": ["Paralakhemundi"],
        "Ganjam": ["Berhampur", "Chhatrapur", "Aska"],
        "Jagatsinghpur": ["Jagatsinghpur", "Paradeep"],
        "Jajpur": ["Jajpur", "Vyasanagar"],
        "Jharsuguda": ["Jharsuguda", "Brajarajnagar"],
        "Kalahandi": ["Bhawanipatna", "Dharamgarh"],
        "Kandhamal": ["Phulbani"],
        "Kendrapara": ["Kendrapara", "Pattamundai"],
        "Kendujhar": ["Kendujhar", "Barbil"],
        "Khordha": ["Bhubaneswar", "Khordha", "Jatni"],
        "Koraput": ["Koraput", "Jeypore"],
        "Malkangiri": ["Malkangiri"],
        "Mayurbhanj": ["Baripada", "Rairangpur"],
        "Nabarangpur": ["Nabarangpur"],
        "Nayagarh": ["Nayagarh", "Daspalla"],
        "Nuapada": ["Nuapada", "Khariar"],
        "Puri": ["Puri", "Konark", "Pipili"],
        "Rayagada": ["Rayagada", "Gudari"],
        "Sambalpur": ["Sambalpur", "Burla"],
        "Subarnapur": ["Sonepur", "Binika"],
        "Sundargarh": ["Rourkela", "Sundargarh", "Bonai"]
      }
    },
    "Bihar": {
      "districts": {
        "Araria": ["Araria", "Forbesganj"],
        "Arwal": ["Arwal"],
        "Aurangabad": ["Aurangabad", "Daudnagar"],
        "Banka": ["Banka"],
        "Begusarai": ["Begusarai", "Barauni"],
        "Bhagalpur": ["Bhagalpur", "Sultanganj"],
        "Bhojpur": ["Ara", "Piro"],
        "Buxar": ["Buxar", "Dumraon"],
        "Darbhanga": ["Darbhanga", "Laheriasarai"],
        "East Champaran": ["Motihari", "Bettiah"],
        "Gaya": ["Gaya", "Bodh Gaya", "Aurangabad"],
        "Gopalganj": ["Gopalganj", "Hathua"],
        "Jamui": ["Jamui"],
        "Jehanabad": ["Jehanabad", "Arwal"],
        "Kaimur": ["Bhabua"],
        "Katihar": ["Katihar", "Barari"],
        "Khagaria": ["Khagaria", "Mansi"],
        "Kishanganj": ["Kishanganj"],
        "Lakhisarai": ["Lakhisarai"],
        "Madhepura": ["Madhepura", "Murliganj"],
        "Madhubani": ["Madhubani", "Jaynagar"],
        "Munger": ["Munger", "Jamalpur"],
        "Muzaffarpur": ["Muzaffarpur", "Sitamarhi"],
        "Nalanda": ["Bihar Sharif", "Rajgir", "Hilsa"],
        "Nawada": ["Nawada"],
        "Patna": ["Patna", "Hajipur", "Danapur"],
        "Purnia": ["Purnia", "Banmankhi"],
        "Rohtas": ["Sasaram", "Dehri"],
        "Saharsa": ["Saharsa"],
        "Samastipur": ["Samastipur", "Rosera"],
        "Saran": ["Chapra", "Sonpur"],
        "Sheikhpura": ["Sheikhpura"],
        "Sheohar": ["Sheohar"],
        "Sitamarhi": ["Sitamarhi", "Dumra"],
        "Siwan": ["Siwan", "Maharajganj"],
        "Supaul": ["Supaul"],
        "Vaishali": ["Hajipur", "Mahnar"],
        "West Champaran": ["Bettiah", "Narkatiaganj"]
      }
    },
    "Jharkhand": {
      "districts": {
        "Bokaro": ["Bokaro", "Chas"],
        "Chatra": ["Chatra"],
        "Deoghar": ["Deoghar", "Jasidih"],
        "Dhanbad": ["Dhanbad", "Jharia"],
        "Dumka": ["Dumka"],
        "East Singhbhum": ["Jamshedpur", "Ghatsila", "Dhalbhum"],
        "Garhwa": ["Garhwa"],
        "Giridih": ["Giridih"],
        "Godda": ["Godda"],
        "Gumla": ["Gumla", "Simdega"],
        "Hazaribagh": ["Hazaribagh", "Ramgarh"],
        "Jamtara": ["Jamtara"],
        "Khunti": ["Khunti"],
        "Koderma": ["Koderma"],
        "Latehar": ["Latehar"],
        "Lohardaga": ["Lohardaga"],
        "Pakur": ["Pakur"],
        "Palamu": ["Daltonganj", "Medininagar"],
        "Ramgarh": ["Ramgarh"],
        "Ranchi": ["Ranchi", "Namkum", "Kanke"],
        "Sahebganj": ["Sahebganj", "Rajmahal"],
        "Saraikela Kharsawan": ["Saraikela"],
        "Simdega": ["Simdega"],
        "West Singhbhum": ["Chaibasa", "Chakradharpur"]
      }
    }
  },

  "Central": {
    "Madhya Pradesh": {
      "districts": {
        "Agar Malwa": ["Agar", "Susner"],
        "Alirajpur": ["Alirajpur", "Jobat"],
        "Anuppur": ["Anuppur", "Amarkantak"],
        "Ashoknagar": ["Ashoknagar", "Chanderi"],
        "Balaghat": ["Balaghat", "Tirodi"],
        "Barwani": ["Barwani", "Sendhwa"],
        "Betul": ["Betul", "Multai"],
        "Bhind": ["Bhind", "Lahar"],
        "Bhopal": ["Bhopal", "Mandideep", "Berasia"],
        "Burhanpur": ["Burhanpur", "Nepanagar"],
        "Chhatarpur": ["Chhatarpur", "Nowgong", "Khajuraho"],
        "Chhindwara": ["Chhindwara", "Parasia", "Sausar"],
        "Damoh": ["Damoh", "Hatta"],
        "Datia": ["Datia", "Indergarh"],
        "Dewas": ["Dewas", "Tonk Khurd"],
        "Dhar": ["Dhar", "Manawar", "Sardarpur"],
        "Dindori": ["Dindori", "Shahpura"],
        "Guna": ["Guna", "Raghogarh"],
        "Gwalior": ["Gwalior", "Morar", "Lashkar"],
        "Harda": ["Harda", "Timarpura"],
        "Hoshangabad": ["Hoshangabad", "Itarsi"],
        "Indore": ["Indore", "Mhow", "Depalpur"],
        "Jabalpur": ["Jabalpur", "Katni", "Sihora"],
        "Jhabua": ["Jhabua", "Thandla"],
        "Katni": ["Katni", "Vijayraghavgarh"],
        "Khandwa": ["Khandwa", "Harsud"],
        "Khargone": ["Khargone", "Barwaha", "Bhikangaon"],
        "Mandla": ["Mandla", "Niwas"],
        "Mandsaur": ["Mandsaur", "Neemuch"],
        "Morena": ["Morena", "Ambah"],
        "Narsinghpur": ["Narsinghpur", "Gotegaon"],
        "Neemuch": ["Neemuch", "Mandsaur"],
        "Niwari": ["Niwari", "Orchha"],
        "Panna": ["Panna", "Pawai"],
        "Raisen": ["Raisen", "Obaidullaganj"],
        "Rajgarh": ["Rajgarh", "Biaora"],
        "Ratlam": ["Ratlam", "Sailana"],
        "Rewa": ["Rewa", "Sirmaur"],
        "Sagar": ["Sagar", "Khurai"],
        "Satna": ["Satna", "Maihar", "Amarpatan"],
        "Sehore": ["Sehore", "Ashta"],
        "Seoni": ["Seoni", "Lakhnadon"],
        "Shahdol": ["Shahdol", "Beohari"],
        "Shajapur": ["Shajapur", "Shujalpur"],
        "Sheopur": ["Sheopur", "Karahal"],
        "Shivpuri": ["Shivpuri", "Pichhore"],
        "Sidhi": ["Sidhi", "Singrauli"],
        "Singrauli": ["Singrauli", "Waidhan"],
        "Tikamgarh": ["Tikamgarh", "Jatara"],
        "Ujjain": ["Ujjain", "Nagda", "Mahidpur"],
        "Umaria": ["Umaria", "Bandhovgarh"],
        "Vidisha": ["Vidisha", "Basoda"]
      }
    },
    "Chhattisgarh": {
      "districts": {
        "Balod": ["Balod", "Gurur"],
        "Baloda Bazar": ["Baloda Bazar", "Bhathapara"],
        "Balrampur": ["Balrampur", "Ramanujganj"],
        "Bastar": ["Jagdalpur", "Narayanpur"],
        "Bemetara": ["Bemetara"],
        "Bijapur": ["Bijapur", "Bhopalpatnam"],
        "Bilaspur": ["Bilaspur", "Korba"],
        "Dantewada": ["Dantewada", "Geedam"],
        "Dhamtari": ["Dhamtari", "Nagri"],
        "Durg": ["Durg", "Bhilai", "Raj Nandgaon"],
        "Gariaband": ["Gariaband"],
        "Gaurela-Pendra-Marwahi": ["Gaurela", "Pendra", "Marwahi"],
        "Janjgir-Champa": ["Janjgir", "Champa", "Sakti"],
        "Jashpur": ["Jashpur Nagar", "Pathalgaon"],
        "Kanker": ["Kanker", "Bhanupratappur"],
        "Khairagarh": ["Khairagarh"],
        "Kondagaon": ["Kondagaon"],
        "Korba": ["Korba", "Baikunthpur"],
        "Koriya": ["Baikunthpur"],
        "Mahasamund": ["Mahasamund", "Basna"],
        "Manendragarh-Chirmiri-Bharatpur": ["Manendragarh", "Chirmiri"],
        "Mohla-Manpur-Ambagarh Chowki": ["Mohla"],
        "Mungeli": ["Mungeli", "Lormi"],
        "Narayanpur": ["Narayanpur"],
        "Raigarh": ["Raigarh", "Sarangarh"],
        "Raipur": ["Raipur", "Durg", "Bhilai"],
        "Rajnandgaon": ["Rajnandgaon", "Dongargaon"],
        "Sakti": ["Sakti"],
        "Sarangarh-Bilaigarh": ["Sarangarh"],
        "Sukma": ["Sukma"],
        "Surajpur": ["Surajpur", "Premnagar"],
        "Surguja": ["Ambikapur"]
      }
    }
  },

  "North-East": {
    "Assam": {
      "districts": {
        "Bajali": ["Pathsala"],
        "Barpeta": ["Barpeta", "Sarthebari"],
        "Biswanath": ["Biswanath Chariali"],
        "Bongaigaon": ["Bongaigaon", "Bijni"],
        "Cachar": ["Silchar", "Sonai"],
        "Charaideo": ["Sonari"],
        "Chirang": ["Kajalgaon", "Sidli"],
        "Darrang": ["Mangaldoi"],
        "Dhemaji": ["Dhemaji", "Jonai"],
        "Dhubri": ["Dhubri", "Bilasipara"],
        "Dibrugarh": ["Dibrugarh", "Tinsukia"],
        "Dima Hasao": ["Haflong"],
        "Goalpara": ["Goalpara", "Lakhipur"],
        "Golaghat": ["Golaghat", "Sarupathar"],
        "Hailakandi": ["Hailakandi", "Lala"],
        "Hojai": ["Hojai", "Lumding"],
        "Jorhat": ["Jorhat", "Mariani"],
        "Kamrup": ["Guwahati", "Dispur", "Rangia"],
        "Kamrup Metropolitan": ["Guwahati", "North Guwahati"],
        "Karbi Anglong": ["Diphu"],
        "Kokrajhar": ["Kokrajhar", "Gossaigaon"],
        "Lakhimpur": ["North Lakhimpur", "Dhakuakhana"],
        "Majuli": ["Garamur"],
        "Morigaon": ["Morigaon", "Jagiroad"],
        "Nagaon": ["Nagaon", "Hojai", "Lanka"],
        "Nalbari": ["Nalbari", "Barkhetri"],
        "Sivasagar": ["Sivasagar", "Amguri"],
        "Sonitpur": ["Tezpur", "Dhekiajuli"],
        "South Salmara-Mankachar": ["South Salmara"],
        "Tamulpur": ["Tamulpur"],
        "Tinsukia": ["Tinsukia", "Margherita", "Digboi"],
        "Udalguri": ["Udalguri", "Tangla"],
        "West Karbi Anglong": ["Hamren"]
      }
    },
    "Meghalaya": {
      "districts": {
        "East Garo Hills": ["Williamnagar"],
        "East Jaintia Hills": ["Khliehriat"],
        "East Khasi Hills": ["Shillong", "Cherrapunji"],
        "Eastern West Khasi Hills": ["Mairang"],
        "North Garo Hills": ["Resubelpara"],
        "Ri Bhoi": ["Nongpoh"],
        "South Garo Hills": ["Baghmara"],
        "South West Garo Hills": ["Ampati"],
        "South West Khasi Hills": ["Mawkyrwat"],
        "West Garo Hills": ["Tura"],
        "West Jaintia Hills": ["Jowai"],
        "West Khasi Hills": ["Nongstoin"]
      }
    },
    "Manipur": {
      "districts": {
        "Bishnupur": ["Bishnupur", "Moirang"],
        "Chandel": ["Chandel"],
        "Churachandpur": ["Churachandpur"],
        "Imphal East": ["Imphal", "Porompat"],
        "Imphal West": ["Imphal", "Singjamei"],
        "Jiribam": ["Jiribam"],
        "Kakching": ["Kakching"],
        "Kamjong": ["Kamjong"],
        "Kangpokpi": ["Kangpokpi"],
        "Noney": ["Noney"],
        "Pherzawl": ["Pherzawl"],
        "Senapati": ["Senapati"],
        "Tamenglong": ["Tamenglong"],
        "Tengnoupal": ["Moreh"],
        "Thoubal": ["Thoubal", "Kakching"],
        "Ukhrul": ["Ukhrul"]
      }
    },
    "Tripura": {
      "districts": {
        "Dhalai": ["Ambassa", "Kamalpur"],
        "Gomati": ["Udaipur"],
        "Khowai": ["Khowai", "Teliamura"],
        "North Tripura": ["Dharmanagar"],
        "Sepahijala": ["Bishalgarh"],
        "South Tripura": ["Belonia", "Sabroom"],
        "Unakoti": ["Kailashahar"],
        "West Tripura": ["Agartala", "Mohanpur"]
      }
    },
    "Nagaland": {
      "districts": {
        "Chumoukedima": ["Chumoukedima"],
        "Dimapur": ["Dimapur"],
        "Kiphire": ["Kiphire"],
        "Kohima": ["Kohima"],
        "Longleng": ["Longleng"],
        "Mokokchung": ["Mokokchung"],
        "Mon": ["Mon"],
        "Niuland": ["Niuland"],
        "Noklak": ["Noklak"],
        "Peren": ["Peren"],
        "Phek": ["Phek"],
        "Shamator": ["Shamator"],
        "Tsemenyu": ["Tsemenyu"],
        "Tuensang": ["Tuensang"],
        "Wokha": ["Wokha"],
        "Zunheboto": ["Zunheboto"]
      }
    },
    "Mizoram": {
      "districts": {
        "Aizawl": ["Aizawl"],
        "Champhai": ["Champhai"],
        "Hnahthial": ["Hnahthial"],
        "Khawzawl": ["Khawzawl"],
        "Kolasib": ["Kolasib"],
        "Lawngtlai": ["Lawngtlai"],
        "Lunglei": ["Lunglei"],
        "Mamit": ["Mamit"],
        "Saitual": ["Saitual"],
        "Serchhip": ["Serchhip"],
        "Siaha": ["Siaha"]
      }
    },
    "Arunachal Pradesh": {
      "districts": {
        "Anjaw": ["Hawai"],
        "Capital Complex Itanagar": ["Itanagar", "Naharlagun"],
        "Changlang": ["Changlang", "Nampong"],
        "Dibang Valley": ["Anini"],
        "East Kameng": ["Seppa"],
        "East Siang": ["Pasighat"],
        "Kamle": ["Raga"],
        "Kra Daadi": ["Ziro"],
        "Kurung Kumey": ["Koloriang"],
        "Lepa Rada": ["Basar"],
        "Lohit": ["Tezu"],
        "Longding": ["Longding"],
        "Lower Dibang Valley": ["Roing"],
        "Lower Siang": ["Likabali"],
        "Lower Subansiri": ["Ziro"],
        "Namsai": ["Namsai"],
        "Pakke-Kessang": ["Pakke-Kessang"],
        "Papum Pare": ["Yupia"],
        "Shi Yomi": ["Aalo"],
        "Siang": ["Boleng"],
        "Tawang": ["Tawang"],
        "Tirap": ["Khonsa"],
        "Upper Dibang Valley": ["Anini"],
        "Upper Siang": ["Yingkiong"],
        "Upper Subansiri": ["Daporijo"],
        "West Kameng": ["Bomdila"],
        "West Siang": ["Aalo"]
      }
    },
    "Sikkim": {
      "districts": {
        "East Sikkim": ["Gangtok", "Rangpo"],
        "North Sikkim": ["Mangan"],
        "Pakyong": ["Pakyong"],
        "Soreng": ["Soreng"],
        "South Sikkim": ["Namchi", "Jorethang"],
        "West Sikkim": ["Gyalshing", "Pelling"]
      }
    }
  },

  "Union Territories": {
    "Andaman and Nicobar Islands": {
      "districts": {
        "North and Middle Andaman": ["Mayabunder", "Diglipur", "Rangat"],
        "South Andaman": ["Port Blair", "Ferrargunj"],
        "Nicobar": ["Car Nicobar"]
      }
    },
    "Chandigarh": {
      "districts": {
        "Chandigarh": ["Chandigarh", "Manimajra", "Sector 17", "Sector 22"]
      }
    },
    "Dadra and Nagar Haveli and Daman and Diu": {
      "districts": {
        "Dadra and Nagar Haveli": ["Silvassa", "Amli"],
        "Daman": ["Daman", "Dabhel"],
        "Diu": ["Diu"]
      }
    },
    "Jammu and Kashmir": {
      "districts": {
        "Anantnag": ["Anantnag", "Dooru", "Pahalgam"],
        "Bandipora": ["Bandipora", "Hajin"],
        "Baramulla": ["Baramulla", "Sopore", "Gulmarg"],
        "Budgam": ["Budgam", "Chadoora"],
        "Doda": ["Doda", "Bhaderwah"],
        "Ganderbal": ["Ganderbal", "Kangan"],
        "Jammu": ["Jammu", "Samba", "Vijaypur"],
        "Kathua": ["Kathua", "Billawar"],
        "Kishtwar": ["Kishtwar"],
        "Kulgam": ["Kulgam"],
        "Kupwara": ["Kupwara", "Handwara"],
        "Poonch": ["Poonch", "Surankote"],
        "Pulwama": ["Pulwama", "Pampore"],
        "Rajouri": ["Rajouri", "Nowshera"],
        "Ramban": ["Ramban", "Banihal"],
        "Reasi": ["Reasi"],
        "Samba": ["Samba"],
        "Shopian": ["Shopian"],
        "Srinagar": ["Srinagar", "Anantnag"],
        "Udhampur": ["Udhampur", "Ramnagar"]
      }
    },
    "Ladakh": {
      "districts": {
        "Kargil": ["Kargil", "Zanskar"],
        "Leh": ["Leh", "Nubra", "Diskit"]
      }
    },
    "Lakshadweep": {
      "districts": {
        "Lakshadweep": ["Kavaratti", "Agatti", "Amini", "Andrott"]
      }
    },
    "Puducherry": {
      "districts": {
        "Karaikal": ["Karaikal", "Thirukannur"],
        "Mahe": ["Mahe"],
        "Puducherry": ["Puducherry", "Ozhukarai", "Villianur"],
        "Yanam": ["Yanam"]
      }
    }
  }
}